Metabolite,log2FC_KI_vs_WT_APOE4,log2FC_KI_vs_WT_APOE3,delta_log2FC_APOE4_minus_APOE3,t,p_value,n_KI_APOE4,n_KI_APOE3,n_WT,FDR,Direction
POS_ACETYLGLUCOSAMINE/N-ACETYLGALACTOSAMIN,-0.10527470186583798,0.47850201851323043,-0.5837767203790685,-3.3474420126768867,0.008847180463364471,6,7,16,0.6307425994327779,KI effect lower in APOE4 (small change)
NEG_CYCLIC-AMP,-0.2968365155130357,0.012415199920963817,-0.3092517154339995,-2.9448091451107894,0.016479012239074615,6,7,16,0.6307425994327779,KI effect lower in APOE4 (small change)
POS_CREATINE,-0.15785316798481888,0.048568075207360346,-0.20642124319217922,-2.84968012076682,0.01704709728196697,6,7,16,0.6307425994327779,KI effect lower in APOE4 (small change)
NEG_SUCCINATE,0.2507479295044437,-0.040604933724386526,0.2913528632288302,2.576909019127883,0.03040500038326242,6,7,16,0.7058699489190136,KI effect higher in APOE4 (small change)
POS_CYCLIC AMP,-0.2458281450440675,-0.010983184836841733,-0.23484496020722576,-2.553698518780474,0.03179594364500061,6,7,16,0.7058699489190136,KI effect lower in APOE4 (small change)
NEG_URIDINE DIPHOSPHATEGALACTOSE/URIDINE DIPHOSPHATE GLUCOSE,0.08005855500667163,-0.43347085000949753,0.5135294050161692,2.200334276937115,0.05023351968389224,6,7,16,0.8261020198862988,n.s.
POS_CITICOLINE,0.13712057048684834,-0.14792905382089774,0.28504962430774605,2.1717101446913594,0.055947632109332054,6,7,16,0.8261020198862988,n.s.
NEG_CYTIDINE MONOPHOSPHATE,0.059048874810313144,-0.1048101656483631,0.16385904045867625,2.094266988953408,0.06423667894951345,6,7,16,0.8261020198862988,n.s.
NEG_D-RIBOSE 5-PHOSPHATE,-0.21006663786497923,-0.5827981725627959,0.3727315346978166,1.9686174219431238,0.07898179447627408,6,7,16,0.8261020198862988,n.s.
NEG_ADENYLSUCCINIC ACID,0.04733257542277395,-0.6525912248118664,0.6999238002346403,1.8233969334968658,0.09725141772779107,6,7,16,0.8261020198862988,n.s.
"NEG_FRUCTOSE-1,6-BISPHOSPHATE",-0.3222924854955078,-1.0478935153602247,0.7256010298647169,1.7898080406111476,0.1091357047032801,6,7,16,0.8261020198862988,n.s.
POS_NADP,-0.02042328847243328,-0.284837360416179,0.2644140719437457,1.7509554206699591,0.11148935892172361,6,7,16,0.8261020198862988,n.s.
POS_GLUTAMATE,0.03351685691633873,-0.024986110930450525,0.05850296784678925,1.6815966897597885,0.12319952797977267,6,7,16,0.8261020198862988,n.s.
"POS_N,N,N-TRIMETHYLLYSINE",-0.15331051094061898,0.12715153252341743,-0.2804620434640364,-1.6749579988661865,0.12569939939663913,6,7,16,0.8261020198862988,n.s.
POS_AMINOADIPATE,0.35517308862542346,0.0491618159652601,0.30601127266016337,1.6207539896692071,0.13347270794226349,6,7,16,0.8261020198862988,n.s.
NEG_UDP-N-ACETYL-GLUCOSAMINE,-0.3542233404356387,0.25391867834437676,-0.6081420187800155,-1.7625009353630974,0.13657730331573836,6,7,16,0.8261020198862988,n.s.
NEG_CDP-ETHANOLAMINE,-0.10303267503841933,0.01030912635783159,-0.11334180139625091,-1.6620324089393506,0.1384214929676373,6,7,16,0.8261020198862988,n.s.
NEG_ASPARTATE,0.20473919921971628,-0.005576711401647267,0.21031591062136354,1.5957222492183407,0.1485000563623935,6,7,16,0.8261020198862988,n.s.
NEG_URIDINE DIPHOSPHATE GLUCURONIC ACID,-0.33963426165002336,0.14945747310564222,-0.4890917347556656,-1.6520419898539254,0.15574224785417784,6,7,16,0.8261020198862988,n.s.
POS_NAD+,0.02105085623087947,-0.17691293768516353,0.197963793916043,1.5201323791548773,0.1569092960352276,6,7,16,0.8261020198862988,n.s.
NEG_MYO-INOSITOL,0.07055759495624514,-2.544718477879466,2.615276072835711,1.5458775511112968,0.17271253151994373,6,7,16,0.8261020198862988,n.s.
POS_N-ACETYL-GLUTAMINE,-0.04195773000455638,0.15727452681069817,-0.19923225681525455,-1.4913367662892179,0.17333467794857635,6,7,16,0.8261020198862988,n.s.
NEG_PYROGLUTAMIC ACID/OXOPROLINE,-0.13112489410773756,0.025427163054714135,-0.15655205716245169,-1.4935811845123244,0.18359505323786618,6,7,16,0.8261020198862988,n.s.
POS_METHIONINE,0.20802370521852667,0.04352121306211133,0.16450249215641533,1.4086000247872137,0.18660746877377501,6,7,16,0.8261020198862988,n.s.
NEG_HYPOXANTHINE,-0.333096509262214,0.15156576592990284,-0.48466227519211685,-1.4618559892576966,0.19649443011488293,6,7,16,0.8261020198862988,n.s.
POS_TRYPTOPHAN,0.07730290772919919,-0.07383027849933299,0.15113318622853217,1.3241662051064544,0.21370554912549117,6,7,16,0.8261020198862988,n.s.
POS_DIETHANOLAMINE,-0.05687103328941845,0.45322979566703,-0.5101008289564484,-1.310039001869632,0.2185803902198507,6,7,16,0.8261020198862988,n.s.
NEG_GALACTITOL,-0.27473271712960984,0.12167881257015065,-0.39641152969976046,-1.2935644027740736,0.22484651975863934,6,7,16,0.8261020198862988,n.s.
NEG_AMINOADIPIC ACID,0.407004955126722,0.1669937759969789,0.24001117912974312,1.279228523415963,0.22797904840456454,6,7,16,0.8261020198862988,n.s.
NEG_FUMARATE,-0.08682095262915131,0.07820625861041311,-0.16502721123956443,-1.2504284351727606,0.23743637562219022,6,7,16,0.8261020198862988,n.s.
POS_LYSINE,0.011865963167074037,-0.14479404526686018,0.1566600084339342,1.2487480027456823,0.2380822382430393,6,7,16,0.8261020198862988,n.s.
POS_SORBITOL,-0.23955252799587493,0.07932819461834992,-0.31888072261422484,-1.258472111538706,0.24067500628372043,6,7,16,0.8261020198862988,n.s.
POS_GLUTAMINE,0.05858681538339342,0.5691146521531942,-0.5105278367698008,-1.2333535639604554,0.2537825976151133,6,7,16,0.8261020198862988,n.s.
POS_N-ACETYLGLUTAMATE,-0.12577659487120071,-0.02923268016189492,-0.09654391470930579,-1.1278771265806664,0.2835455326837571,6,7,16,0.8261020198862988,n.s.
POS_ARGININE,0.015302771440641886,-0.13582870441971703,0.1511314758603589,1.1199862080775433,0.28717527014155103,6,7,16,0.8261020198862988,n.s.
NEG_MALATE,-1.9992146962843185,-0.20714809952769894,-1.7920665967566196,-1.1692126225879351,0.29145271521493227,6,7,16,0.8261020198862988,n.s.
POS_DEOXYGUANOSINE-MONOPHOSPHATE,0.017223776867512086,-0.062957242840095,0.08018101970760709,1.1018928493183313,0.29544128862415314,6,7,16,0.8261020198862988,n.s.
POS_LEUCINE/ISOLEUCINE,-0.1473639049054102,0.009606043362264671,-0.15696994826767488,-1.1169062057573278,0.3093335161282887,6,7,16,0.8261020198862988,n.s.
POS_CREATININE,0.06658919485965302,0.17036737837556767,-0.10377818351591465,-1.0622449989277278,0.3112844655182156,6,7,16,0.8261020198862988,n.s.
POS_DEOXYCARNITINE,0.06904191918284752,-0.018856011420659513,0.08789793060350704,1.037748640884031,0.3220841822596267,6,7,16,0.8261020198862988,n.s.
POS_PHOSPHORYLCHOLINE,-0.015184974298660947,-0.06986769789249182,0.054682723593830876,1.0347270024776287,0.32439256650253745,6,7,16,0.8261020198862988,n.s.
POS_DL-PIPECOLIC ACID,0.07395787361184898,-0.17841012671485806,0.25236800032670703,1.0292058813349185,0.3282893699119686,6,7,16,0.8261020198862988,n.s.
POS_RIBOFLAVIN,-0.10148455415456976,-0.2966221714957951,0.19513761734122537,1.0177936012594158,0.3366479686538429,6,7,16,0.8261020198862988,n.s.
NEG_GDP,0.41604758299417693,0.6383803508065878,-0.2223327678124109,-1.0256364881529594,0.3417329037812608,6,7,16,0.8261020198862988,n.s.
POS_GLYCINE,0.08627630259212656,-0.027065350034730176,0.11334165262685673,0.988630529667031,0.3446373218019737,6,7,16,0.8261020198862988,n.s.
NEG_N-ACETYLNEURAMINATE,-0.3146812440845945,-0.052185367778973965,-0.26249587630562055,-0.9884186455199485,0.3446405083123095,6,7,16,0.8261020198862988,n.s.
NEG_ALLOTHREONINE/THREONINE,-0.013979464018500328,0.16714816496848886,-0.1811276289869892,-0.9697131243669275,0.35444499051517503,6,7,16,0.8261020198862988,n.s.
NEG_2-HYDROXYGLUTERATE,0.22566405747919896,0.05133050032260807,0.17433355715659088,1.0028766146668604,0.3572333058967779,6,7,16,0.8261020198862988,n.s.
POS_ADENOSINE-MONOPHOSPHATE,-0.027081324923716583,-0.09600849446562114,0.06892716954190456,0.923047153114324,0.3785936616840931,6,7,16,0.8307748661120495,n.s.
"POS_N,N-DIMETHYL-ARGININE",-0.018753310556020253,-0.08944680193214692,0.07069349137612667,0.9090406671496294,0.38349326297941083,6,7,16,0.8307748661120495,n.s.
NEG_GLUTATHIONE REDUCED,0.03721901940623873,0.15171363061494247,-0.11449461120870374,-0.9196475453208535,0.38481015620330594,6,7,16,0.8307748661120495,n.s.
NEG_6-PHOSPHOGLUCONATE,-0.18041541039270173,-0.02327193105847109,-0.15714347933423065,-0.8885830381648792,0.3978422197418791,6,7,16,0.8307748661120495,n.s.
NEG_TAURINE,-0.021016810213857557,0.05617883659781039,-0.07719564681166795,-0.8847047550996534,0.41033779836365275,6,7,16,0.8307748661120495,n.s.
POS_FAD,-0.09087689122153127,-0.1609285389628948,0.07005164774136353,0.8521447734706827,0.41324029620113406,6,7,16,0.8307748661120495,n.s.
NEG_LACTATE,0.08686848554553232,-0.005504428710702415,0.09237291425623474,0.8605876923085972,0.41529649368471727,6,7,16,0.8307748661120495,n.s.
POS_GUANIDINOACETATE,0.12229152265976377,-0.07928655941208008,0.20157808207184386,0.8450930671827191,0.42001190411815004,6,7,16,0.8307748661120495,n.s.
POS_PALMITOYLCARNITINE,-0.05549299564312982,-0.23840310976380255,0.18291011412067273,0.816162183968759,0.4319359114770341,6,7,16,0.8307748661120495,n.s.
POS_COENZYME A,-0.11581142019882702,-0.18081064674212147,0.06499922654329444,0.8038956483140107,0.43876967815123386,6,7,16,0.8307748661120495,n.s.
POS_PIPECOLATE,0.09626093512055493,-0.12604143348361468,0.22230236860416963,0.8279065400088064,0.4415830369424408,6,7,16,0.8307748661120495,n.s.
POS_HOMOSERINE,0.05054800331804602,0.12741042868441252,-0.0768624253663665,-0.7521430663707143,0.47393474671128044,6,7,16,0.8505270500741631,n.s.
POS_O-ACETYLCARNITINE,0.07772922361214955,0.005595485576329955,0.0721337380358196,0.7161448539555685,0.4924389800792069,6,7,16,0.8505270500741631,n.s.
"POS_ADENOSINE 3',5'-DIPHOSPHATE",-0.05635500640722787,-0.19030867947406804,0.13395367306684017,0.6866421551431583,0.5125846739493013,6,7,16,0.8505270500741631,n.s.
POS_4-GUANIDINOBUTANOATE,-0.026219115010161904,0.03641490540193258,-0.06263402041209448,-0.6720489043710772,0.5166300130675294,6,7,16,0.8505270500741631,n.s.
POS_CARNOSINE,-0.0402996513654994,0.01141278733120846,-0.05171243869670786,-0.6705353965540829,0.5179134651326618,6,7,16,0.8505270500741631,n.s.
POS_S-ADENOSYLMETHIONINE,0.0438324128245533,-0.08373817654161542,0.12757058936616872,0.6585682493536787,0.5248515622526846,6,7,16,0.8505270500741631,n.s.
POS_SERINE,-0.04167365140200433,0.007146484536356975,-0.048820135938361306,-0.6580581347686523,0.5307969699271035,6,7,16,0.8505270500741631,n.s.
NEG_GUANOSINE DIPHOSPHATE MANNOSE,-0.05396125508358374,0.0428132509277808,-0.09677450601136453,-0.6520064077236549,0.5344628946689098,6,7,16,0.8505270500741631,n.s.
POS_GLUTARYLCARNITINE,0.2716067470387653,0.1854130413996111,0.08619370563915421,0.6240130316023729,0.5470290544503028,6,7,16,0.8505270500741631,n.s.
NEG_GTP,-0.15792115663653128,-0.050658751381775904,-0.10726240525475537,-0.6070173856530352,0.5601186890022539,6,7,16,0.8505270500741631,n.s.
NEG_INOSINE,0.09247081471441021,-0.024139259957379977,0.11661007467179019,0.5983443548757875,0.562603217722711,6,7,16,0.8505270500741631,n.s.
POS_OPHTHALMATE,0.11085111127418834,-0.050265343402467674,0.16111645467665603,0.5992483648603208,0.5676063486464189,6,7,16,0.8505270500741631,n.s.
POS_PROLINE,0.030471885090377054,0.008138025299888543,0.022333859790488512,0.5720667312159566,0.5806067677516376,6,7,16,0.8505270500741631,n.s.
POS_HISTIDINE,0.07395394357920715,0.12070455801688292,-0.046750614437675767,-0.5655811840746382,0.5830359321977745,6,7,16,0.8505270500741631,n.s.
POS_GUANINE,0.15245628443381362,0.0865912005089063,0.06586508392490732,0.5539864783303199,0.5910245082029277,6,7,16,0.8505270500741631,n.s.
NEG_GUANOSINE MONOPHOSPHATE,-0.07278363289889948,0.0904396561648778,-0.16322328906377728,-0.5508716107763502,0.5928138131154416,6,7,16,0.8505270500741631,n.s.
NEG_ACETYL-COA,0.045857367789673496,-0.021771573440018597,0.0676289412296921,0.5599575435050173,0.5946995715003437,6,7,16,0.8505270500741631,n.s.
NEG_N-ACETYLASPARTATE,-0.03903115766592199,0.0344048495817277,-0.07343600724764969,-0.5530115708919053,0.5972600100294447,6,7,16,0.8505270500741631,n.s.
NEG_PANTOTHENATE,-0.08405416034656632,-0.007572231491192127,-0.07648192885537419,-0.5502200885669871,0.5976676568088714,6,7,16,0.8505270500741631,n.s.
NEG_UTP,-0.14958388070578602,-0.025150836626049205,-0.12443304407973681,-0.5230988261616579,0.6141019925869217,6,7,16,0.8628521667993457,n.s.
POS_ADENINE,0.10359236845039692,0.03654972065786361,0.0670426477925333,0.5031350432668146,0.6249707268073147,6,7,16,0.8671468834451492,n.s.
POS_PHENYLALANINE,-0.03955026723506805,-0.08991458994479272,0.05036432270972467,0.47557599719548593,0.6485973154134784,6,7,16,0.8773527837949273,n.s.
POS_TYROSINE,-0.1321321258429536,-0.06287316902996969,-0.06925895681298393,-0.4709673175739101,0.6487053411978808,6,7,16,0.8773527837949273,n.s.
NEG_INOSINE MONOPHOSPHATE,-0.04082583030378532,0.06660980500152139,-0.1074356353053067,-0.44882840579621197,0.6638343244466512,6,7,16,0.8773527837949273,n.s.
NEG_ADENOSINE DIPHOSPHATE RIBOSE,-0.03367903410935883,0.031637746986340635,-0.06531678109569947,-0.4477104468788352,0.6639426471961613,6,7,16,0.8773527837949273,n.s.
POS_CYTOSINE,0.13555630780381378,0.08211460598083267,0.05344170182298111,0.43156019083414043,0.6761234620156892,6,7,16,0.8823791335082263,n.s.
POS_GAMMA-AMINOBUTYRATE,0.02741768476607002,0.06293726461821032,-0.0355195798521403,-0.41849537784632124,0.6836450944297969,6,7,16,0.8823791335082263,n.s.
NEG_URIDINE 5'-DIPHOSPHATE,0.0418342009848948,-0.1607864922745367,0.2026206932594315,0.39308837064762053,0.7053331326067129,6,7,16,0.8848771386160769,n.s.
NEG_GUANOSINE,0.010280023382133999,-0.03599298296003793,0.04627300634217193,0.3678421891571813,0.7203817185716364,6,7,16,0.8848771386160769,n.s.
NEG_ADP-GLUCOSE,-0.09698361408604346,-0.16013788041686997,0.0631542663308265,0.36479901754529925,0.7227668288272583,6,7,16,0.8848771386160769,n.s.
POS_BETAINE,0.15763034161783493,0.103099155458875,0.054531186158959924,0.3512779751897088,0.7328902483517695,6,7,16,0.8848771386160769,n.s.
NEG_2-PHOSPHOGLYCERATE,0.04562336555934484,0.1324778501797265,-0.08685448462038164,-0.3485016185021369,0.7350255465517405,6,7,16,0.8848771386160769,n.s.
POS_NADPH,-0.055296571354925085,0.06040672908016122,-0.11570330043508631,-0.3435837235046334,0.7376440781540001,6,7,16,0.8848771386160769,n.s.
POS_S-ADENOSYLHOMOCYSTEINE,0.02872573145345451,-0.017107428138092167,0.04583315959154668,0.3311242296344332,0.7482269244688019,6,7,16,0.8848771386160769,n.s.
NEG_BETA-GLYCEROPHOSPHATE,0.07702898328367702,0.02373569050605389,0.05329329277762313,0.33245660865111437,0.7493554146838849,6,7,16,0.8848771386160769,n.s.
POS_ADENOSINE,0.028259622201825135,-0.018957708395835278,0.04721733059766041,0.3102389213557583,0.7624947863731985,6,7,16,0.8866190373043192,n.s.
NEG_CDP,-0.11547797620927902,-0.051441619609399476,-0.06403635659987955,-0.3068699340144374,0.7668056538848167,6,7,16,0.8866190373043192,n.s.
NEG_URACIL,0.01342019731051991,0.05491170241710565,-0.04149150510658574,-0.28907432274833306,0.7784769780031019,6,7,16,0.8904209721251091,n.s.
POS_INOSINE-MONOPHOSPHATE,0.2667548610662986,0.31915639869903806,-0.05240153763273947,-0.27807241131085075,0.7861374348491954,6,7,16,0.8904209721251091,n.s.
NEG_ATP/dGTP,0.5901213034520255,0.6582663296819631,-0.06814502622993757,-0.26114047689263914,0.8003956634754028,6,7,16,0.8939180765923987,n.s.
POS_CYTIDINE,0.07833050497315715,0.05794889261685451,0.02038161235630264,0.25428286788076393,0.8053316005336926,6,7,16,0.8939180765923987,n.s.
POS_SARCOSINE,0.01675189652125475,0.030160103808957523,-0.013408207287702773,-0.2360381657907865,0.8184324926352774,6,7,16,0.8994654126981761,n.s.
NEG_INDOXYL SULFATE,-0.4601928270042321,-0.3558866097281087,-0.10430621727612338,-0.20538783512914635,0.8428971274479771,6,7,16,0.9042555533591334,n.s.
NEG_URIC ACID,0.044347262159525634,0.07825233906627714,-0.033905076906751506,-0.20387787391700132,0.843559154510787,6,7,16,0.9042555533591334,n.s.
POS_GLUTATHIONE DISULFIDE,-0.27063272611592265,-0.3315150920621705,0.06088236594624785,0.19810092375907784,0.8472304283725214,6,7,16,0.9042555533591334,n.s.
NEG_ETHANOLAMINE PHOSPHATE,-0.006958426310761823,-0.019718011690411937,0.012759585379650114,0.18782568646047554,0.8569347611232896,6,7,16,0.9050633413376713,n.s.
NEG_XANTHINE,0.02190219430422798,0.04322775640510658,-0.0213255621008786,-0.1750301034555358,0.8642947223584969,6,7,16,0.9050633413376713,n.s.
NEG_URIDINE MONOPHOSPHATE,0.0007056144760007044,-0.015001639944903238,0.01570725442090394,0.14899368752874412,0.8856787821689138,6,7,16,0.9187882693527984,n.s.
POS_L-ALANINE,0.03152911856265265,0.039378335795069476,-0.007849217232416827,-0.13315172670891534,0.8965324335538594,6,7,16,0.9214361122636887,n.s.
POS_L-CARNITINE,0.06678124272484591,0.07735696099782834,-0.010575718272982426,-0.08062871591934291,0.937782759259821,6,7,16,0.945184098102641,n.s.
POS_NICOTINAMIDE,0.031277858718037045,0.01926310410970952,0.012014754608327526,0.07526592844543323,0.941519266039857,6,7,16,0.945184098102641,n.s.
POS_METHYLTHIOADENOSINE,0.02794148313637675,0.04391821437665503,-0.01597673124027828,-0.07084906385628832,0.945184098102641,6,7,16,0.945184098102641,n.s.
