Metabolite,log2FC_KI_vs_WT,t,p_value,n_KI,n_WT,FDR,Direction
NEG_CYCLIC-AMP,-0.2968365155130357,-2.76167920439018,0.019256552671704667,6,16,0.9424229697508458,lower in KI (small change)
POS_CYCLIC AMP,-0.2458281450440687,-2.350914866721656,0.034462006297255654,6,16,0.9424229697508458,lower in KI (small change)
POS_CREATINE,-0.15785316798482185,-2.5785325703166184,0.036568181936201954,6,16,0.9424229697508458,lower in KI (small change)
NEG_SUCCINATE,0.25074792950444547,2.3572051915911905,0.04723424015114438,6,16,0.9424229697508458,higher in KI (small change)
POS_GLUTARYLCARNITINE,0.27160674703876353,2.0376036333463223,0.055163547461618216,6,16,0.9424229697508458,n.s.
POS_AMINOADIPATE,0.35517308862542407,2.046413387526058,0.05866254381424235,6,16,0.9424229697508458,n.s.
POS_METHIONINE,0.20802370521852964,1.9971645975389842,0.0682260877170496,6,16,0.9424229697508458,n.s.
NEG_AMINOADIPIC ACID,0.4070049551267232,1.820966216187186,0.08361142147700702,6,16,0.9424229697508458,n.s.
POS_CITICOLINE,0.1371205704868501,1.767401134193935,0.11423965607696868,6,16,0.9424229697508458,n.s.
POS_SORBITOL,-0.23955252799587257,-1.6989009357303089,0.1184688367152501,6,16,0.9424229697508458,n.s.
NEG_ASPARTATE,0.20473919921971628,1.7700446774718184,0.13371509571391746,6,16,0.9424229697508458,n.s.
POS_COENZYME A,-0.11581142019882762,-1.581367275753172,0.14157609830482226,6,16,0.9424229697508458,n.s.
POS_N-ACETYLGLUTAMATE,-0.1257765948712013,-1.5080101465881948,0.1533487696345056,6,16,0.9424229697508458,n.s.
NEG_N-ACETYLNEURAMINATE,-0.3146812440845963,-1.566651421798823,0.16942430087518662,6,16,0.9424229697508458,n.s.
NEG_CDP-ETHANOLAMINE,-0.10303267503842051,-1.503518688788926,0.17260026399362785,6,16,0.9424229697508458,n.s.
POS_BETAINE,0.1576303416178355,1.3846866857229407,0.18665093396737842,6,16,0.9424229697508458,n.s.
NEG_GALACTITOL,-0.2747327171296092,-1.3972955246365737,0.19556674065263255,6,16,0.9424229697508458,n.s.
POS_GUANINE,0.15245628443381065,1.3261266831465028,0.20834211422637977,6,16,0.9424229697508458,n.s.
POS_INOSINE-MONOPHOSPHATE,0.2667548610663033,1.2391495343443375,0.2300312907705997,6,16,0.9424229697508458,n.s.
POS_FAD,-0.09087689122153364,-1.2748037169245257,0.23634345862054365,6,16,0.9424229697508458,n.s.
NEG_MALATE,-1.999214696284323,-1.3215710571841974,0.2423209441456612,6,16,0.9424229697508458,n.s.
NEG_2-HYDROXYGLUTERATE,0.2256640574791966,1.3072707748941457,0.24344031268388996,6,16,0.9424229697508458,n.s.
NEG_URIDINE DIPHOSPHATE GLUCURONIC ACID,-0.33963426165002275,-1.148471012607406,0.29981384095824853,6,16,0.9424229697508458,n.s.
NEG_PYROGLUTAMIC ACID/OXOPROLINE,-0.13112489410773875,-1.0527201762162977,0.3142918887545077,6,16,0.9424229697508458,n.s.
POS_CYTOSINE,0.13555630780381023,1.0496992376429244,0.3157081730508326,6,16,0.9424229697508458,n.s.
"POS_N,N,N-TRIMETHYLLYSINE",-0.1533105109406172,-1.0473772648145547,0.32894849002439813,6,16,0.9424229697508458,n.s.
NEG_D-RIBOSE 5-PHOSPHATE,-0.2100666378649798,-1.0000944759356956,0.3342173142589624,6,16,0.9424229697508458,n.s.
NEG_6-PHOSPHOGLUCONATE,-0.18041541039270115,-0.998163448201942,0.34121013285960955,6,16,0.9424229697508458,n.s.
POS_LEUCINE/ISOLEUCINE,-0.14736390490540785,-1.002505103395914,0.35085105054116267,6,16,0.9424229697508458,n.s.
POS_CYTIDINE,0.07833050497315597,0.9797704916582447,0.3528381221391885,6,16,0.9424229697508458,n.s.
POS_GLUTATHIONE DISULFIDE,-0.2706327261159238,-0.9953454902636679,0.35364015902352475,6,16,0.9424229697508458,n.s.
POS_DEOXYCARNITINE,0.06904191918284752,0.9488645588242292,0.366459150049596,6,16,0.9424229697508458,n.s.
NEG_HYPOXANTHINE,-0.33309650926221224,-0.9618780814020413,0.3692144105937717,6,16,0.9424229697508458,n.s.
NEG_INDOXYL SULFATE,-0.4601928270042315,-0.9397916184250901,0.38078278501928403,6,16,0.9424229697508458,n.s.
POS_GUANIDINOACETATE,0.1222915226597614,0.9176958573586532,0.3811686765409583,6,16,0.9424229697508458,n.s.
NEG_GTP,-0.15792115663653306,-0.9287734957361886,0.3813283816990918,6,16,0.9424229697508458,n.s.
NEG_UDP-N-ACETYL-GLUCOSAMINE,-0.3542233404356452,-0.9190618829589023,0.3854920058862915,6,16,0.9424229697508458,n.s.
POS_PROLINE,0.030471885090374684,0.8811079457311383,0.38902601202783244,6,16,0.9424229697508458,n.s.
POS_HISTIDINE,0.07395394357920537,0.8832935101157663,0.38985143955722035,6,16,0.9424229697508458,n.s.
POS_GLUTAMATE,0.03351685691633577,0.8851866244345825,0.3902397549054455,6,16,0.9424229697508458,n.s.
POS_ADENINE,0.10359236845039632,0.8797229923959419,0.39899295860532097,6,16,0.9424229697508458,n.s.
POS_RIBOFLAVIN,-0.10148455415456681,-0.8630926647622083,0.4017702625705294,6,16,0.9424229697508458,n.s.
POS_HOMOSERINE,0.05054800331804543,0.8414746209562181,0.4112235182658203,6,16,0.9424229697508458,n.s.
POS_GLYCINE,0.08627630259212538,0.8442931937597681,0.41783920590402474,6,16,0.9424229697508458,n.s.
POS_O-ACETYLCARNITINE,0.07772922361214896,0.8366262155013419,0.42959983410984376,6,16,0.9424229697508458,n.s.
POS_TYROSINE,-0.13213212584295775,-0.7980310772769125,0.43824841674100695,6,16,0.9424229697508458,n.s.
NEG_LACTATE,0.08686848554553706,0.8027194812335898,0.4445304315454355,6,16,0.9424229697508458,n.s.
NEG_CYTIDINE MONOPHOSPHATE,0.05904887481031196,0.7936530578609927,0.4476328251013728,6,16,0.9424229697508458,n.s.
NEG_ATP/dGTP,0.5901213034520225,0.7559146383563343,0.4598062755277851,6,16,0.9424229697508458,n.s.
"NEG_FRUCTOSE-1,6-BISPHOSPHATE",-0.32229248549550604,-0.7460039167419675,0.4712155631794493,6,16,0.9424229697508458,n.s.
POS_CREATININE,0.06658919485965242,0.7121356336152642,0.4859134844458339,6,16,0.9424229697508458,n.s.
POS_L-ALANINE,0.03152911856265206,0.7170378544768345,0.4896986792877207,6,16,0.9424229697508458,n.s.
NEG_UTP,-0.14958388070578366,-0.678942285544091,0.5187892788289531,6,16,0.9424229697508458,n.s.
NEG_ADP-GLUCOSE,-0.09698361408604583,-0.6529988255485357,0.5335825908093066,6,16,0.9424229697508458,n.s.
NEG_GDP,0.41604758299417455,0.6345043616798373,0.5338548832484804,6,16,0.9424229697508458,n.s.
NEG_PANTOTHENATE,-0.0840541603465681,-0.6538053042082819,0.5373271710210571,6,16,0.9424229697508458,n.s.
NEG_MYO-INOSITOL,0.07055759495624514,0.5902022856364387,0.5712774191596417,6,16,0.9424229697508458,n.s.
POS_TRYPTOPHAN,0.07730290772920156,0.5765340486051881,0.5715877105391772,6,16,0.9424229697508458,n.s.
NEG_CDP,-0.11547797620927724,-0.5904657713204362,0.5745270637582536,6,16,0.9424229697508458,n.s.
NEG_FUMARATE,-0.08682095262915368,-0.5676125417188163,0.5771952384647729,6,16,0.9424229697508458,n.s.
POS_ACETYLGLUCOSAMINE/N-ACETYLGALACTOSAMIN,-0.10527470186583798,-0.5605874184260318,0.585480322060815,6,16,0.9424229697508458,n.s.
NEG_INOSINE,0.09247081471441021,0.5557171879383931,0.5945803110024344,6,16,0.9424229697508458,n.s.
POS_SERINE,-0.04167365140200374,-0.5432467520614078,0.6010840570501574,6,16,0.9424229697508458,n.s.
POS_L-CARNITINE,0.06678124272484354,0.5308983053940033,0.6121026851077435,6,16,0.9424229697508458,n.s.
POS_CARNOSINE,-0.04029965136550118,-0.5116379419542642,0.6180758322702798,6,16,0.9424229697508458,n.s.
NEG_BETA-GLYCEROPHOSPHATE,0.07702898328367525,0.499027195193744,0.6351367289134745,6,16,0.9424229697508458,n.s.
POS_OPHTHALMATE,0.11085111127418656,0.4489769333025256,0.6588328983671329,6,16,0.9424229697508458,n.s.
POS_SARCOSINE,0.016751896521252974,0.43154608890990687,0.6727871948605829,6,16,0.9424229697508458,n.s.
POS_PHENYLALANINE,-0.039550267235064496,-0.4231690075083198,0.6771366319752699,6,16,0.9424229697508458,n.s.
POS_GAMMA-AMINOBUTYRATE,0.027417684766074757,0.41896936492553083,0.6853501382370984,6,16,0.9424229697508458,n.s.
POS_4-GUANIDINOBUTANOATE,-0.02621911501016072,-0.414138268424203,0.6871270938742782,6,16,0.9424229697508458,n.s.
NEG_URIDINE DIPHOSPHATEGALACTOSE/URIDINE DIPHOSPHATE GLUCOSE,0.08005855500666925,0.38975296521444025,0.7041749145243262,6,16,0.9424229697508458,n.s.
POS_ADENOSINE-MONOPHOSPHATE,-0.027081324923717176,-0.3728915208361886,0.7169832467772349,6,16,0.9424229697508458,n.s.
NEG_ACETYL-COA,0.04585736778967231,0.3720824625986551,0.7209739933135445,6,16,0.9424229697508458,n.s.
POS_PIPECOLATE,0.09626093512055078,0.3575924898760841,0.7335950887615399,6,16,0.9424229697508458,n.s.
POS_DL-PIPECOLIC ACID,0.07395787361184603,0.33517191180981504,0.746176272726936,6,16,0.9424229697508458,n.s.
NEG_GLUTATHIONE REDUCED,0.037219019406240506,0.33097532644752026,0.7524723416754399,6,16,0.9424229697508458,n.s.
POS_PHOSPHORYLCHOLINE,-0.015184974298662723,-0.3175845214468472,0.7544913343525391,6,16,0.9424229697508458,n.s.
NEG_GUANOSINE DIPHOSPHATE MANNOSE,-0.05396125508358196,-0.3200385838195663,0.7547620478084053,6,16,0.9424229697508458,n.s.
POS_PALMITOYLCARNITINE,-0.05549299564313159,-0.3127667632792366,0.7602455639212659,6,16,0.9424229697508458,n.s.
NEG_N-ACETYLASPARTATE,-0.0390311576659208,-0.31305416514892004,0.7653646619902783,6,16,0.9424229697508458,n.s.
POS_GLUTAMINE,0.058586815383396385,0.30166762255132307,0.7678371499512578,6,16,0.9424229697508458,n.s.
"POS_ADENOSINE 3',5'-DIPHOSPHATE",-0.056355006407230235,-0.29549362024789483,0.7758351604196586,6,16,0.9424229697508458,n.s.
NEG_GUANOSINE MONOPHOSPHATE,-0.07278363289890066,-0.2804106250650187,0.7832893221192279,6,16,0.9424229697508458,n.s.
POS_S-ADENOSYLMETHIONINE,0.0438324128245533,0.2563191831683402,0.8040249824728798,6,16,0.9424229697508458,n.s.
NEG_ADENOSINE DIPHOSPHATE RIBOSE,-0.033679034109361794,-0.25281795886152386,0.8062109463491893,6,16,0.9424229697508458,n.s.
"POS_N,N-DIMETHYL-ARGININE",-0.018753310556018477,-0.2407799536934221,0.81233189130966,6,16,0.9424229697508458,n.s.
NEG_TAURINE,-0.021016810213861703,-0.23080652776323177,0.8239850809724542,6,16,0.9424229697508458,n.s.
POS_DEOXYGUANOSINE-MONOPHOSPHATE,0.01722377686751031,0.22604907879049999,0.8243872948502085,6,16,0.9424229697508458,n.s.
NEG_URIC ACID,0.044347262159526224,0.22107167877424402,0.8275400016329831,6,16,0.9424229697508458,n.s.
POS_NAD+,0.021050856230878878,0.21965142076465313,0.831363256575867,6,16,0.9424229697508458,n.s.
NEG_2-PHOSPHOGLYCERATE,0.045623365559343654,0.22317559355624458,0.8316343308375649,6,16,0.9424229697508458,n.s.
NEG_XANTHINE,0.021902194304228573,0.21865274407175914,0.8323099601274522,6,16,0.9424229697508458,n.s.
POS_NICOTINAMIDE,0.03127785871803823,0.21208584095713426,0.8368639644842265,6,16,0.9424229697508458,n.s.
POS_NADPH,-0.05529657135492627,-0.20973538849991674,0.8389889003308776,6,16,0.9424229697508458,n.s.
POS_ADENOSINE,0.028259622201822765,0.20611436975452213,0.8410455167871651,6,16,0.9424229697508458,n.s.
POS_NADP,-0.020423288472432688,-0.2049963764546909,0.8411652450328375,6,16,0.9424229697508458,n.s.
POS_S-ADENOSYLHOMOCYSTEINE,0.028725731453455694,0.2027167989186022,0.8432632966892996,6,16,0.9424229697508458,n.s.
NEG_INOSINE MONOPHOSPHATE,-0.04082583030378473,-0.19162566623973412,0.8535066782857095,6,16,0.9424229697508458,n.s.
POS_DIETHANOLAMINE,-0.056871033289422,-0.15306053962490002,0.88110588069476,6,16,0.9424229697508458,n.s.
POS_N-ACETYL-GLUTAMINE,-0.041957730004554605,-0.1407138017215866,0.8895785226282872,6,16,0.9424229697508458,n.s.
POS_ARGININE,0.015302771440641294,0.13826928577718856,0.8935525714512144,6,16,0.9424229697508458,n.s.
POS_METHYLTHIOADENOSINE,0.027941483136377343,0.13435965102082215,0.8970952179615305,6,16,0.9424229697508458,n.s.
NEG_ADENYLSUCCINIC ACID,0.04733257542277158,0.12766102498005372,0.9006223278869145,6,16,0.9424229697508458,n.s.
POS_LYSINE,0.011865963167075222,0.11189275131130054,0.9133388295627677,6,16,0.9424229697508458,n.s.
NEG_GUANOSINE,0.010280023382133407,0.10185958066389393,0.9202642116669846,6,16,0.9424229697508458,n.s.
NEG_ETHANOLAMINE PHOSPHATE,-0.006958426310760046,-0.10326580614661225,0.9210428323755299,6,16,0.9424229697508458,n.s.
NEG_URACIL,0.01342019731051991,0.10045885333243186,0.9221133795452537,6,16,0.9424229697508458,n.s.
NEG_URIDINE 5'-DIPHOSPHATE,0.04183420098489776,0.0868465468146076,0.9336581838741297,6,16,0.9424229697508458,n.s.
NEG_ALLOTHREONINE/THREONINE,-0.01397946401850092,-0.08544343800296428,0.9339326727260634,6,16,0.9424229697508458,n.s.
NEG_URIDINE MONOPHOSPHATE,0.0007056144760007044,0.006514033961355312,0.9949609891987065,6,16,0.9949609891987065,n.s.
