metabolite,n_WT,n_KI,mean_log2_WT,mean_log2_KI,log2FC_KI_vs_WT,fold_change_KI_vs_WT,t_stat,p_value,q_value_FDR,significant,direction
NEG_CYCLIC-AMP,16,6,23.197832801724925,22.90099628621189,-0.2968365155130357,0.8140354253707367,-2.76167920439018,0.019256552671704667,0.9424229697508458,True,down in KI
POS_CYCLIC AMP,16,6,22.592154388313133,22.346326243269065,-0.2458281450440687,0.8433315625790029,-2.350914866721656,0.034462006297255654,0.9424229697508458,True,down in KI
POS_CREATINE,16,6,29.601879595519563,29.44402642753474,-0.15785316798482185,0.896357922827986,-2.5785325703166184,0.036568181936201954,0.9424229697508458,True,down in KI
NEG_SUCCINATE,16,6,19.925806308460146,20.17655423796459,0.25074792950444547,1.1898237898076565,2.3572051915911905,0.04723424015114438,0.9424229697508458,True,up in KI
POS_GLUTARYLCARNITINE,16,6,21.183151763736973,21.454758510775736,0.27160674703876353,1.2071514986474174,2.0376036333463223,0.055163547461618216,0.9424229697508458,False,up in KI
POS_AMINOADIPATE,16,6,18.63185068641142,18.987023775036842,0.35517308862542407,1.2791390379196572,2.046413387526058,0.05866254381424235,0.9424229697508458,False,up in KI
POS_METHIONINE,16,6,22.11565688142196,22.32368058664049,0.20802370521852964,1.15510476416128,1.9971645975389842,0.0682260877170496,0.9424229697508458,False,up in KI
NEG_AMINOADIPIC ACID,16,6,17.42011632343264,17.827121278559364,0.4070049551267232,1.3259303143736805,1.820966216187186,0.08361142147700702,0.9424229697508458,False,up in KI
POS_CITICOLINE,16,6,21.066097233479685,21.203217803966535,0.1371205704868501,1.0997080514775035,1.767401134193935,0.11423965607696868,0.9424229697508458,False,up in KI
POS_SORBITOL,16,6,21.58139749104825,21.341844963052377,-0.23955252799587257,0.847007982973434,-1.6989009357303089,0.1184688367152501,0.9424229697508458,False,down in KI
NEG_ASPARTATE,16,6,23.546586655382796,23.751325854602513,0.20473919921971628,1.1524779906878282,1.7700446774718184,0.13371509571391746,0.9424229697508458,False,up in KI
POS_COENZYME A,16,6,20.633719966678825,20.517908546479998,-0.11581142019882762,0.9228631154910115,-1.581367275753172,0.14157609830482226,0.9424229697508458,False,down in KI
POS_N-ACETYLGLUTAMATE,16,6,17.158753797248266,17.032977202377065,-0.1257765948712013,0.9165105577622717,-1.5080101465881948,0.1533487696345056,0.9424229697508458,False,down in KI
NEG_N-ACETYLNEURAMINATE,16,6,24.469771892303253,24.155090648218657,-0.3146812440845963,0.8040286170327083,-1.566651421798823,0.16942430087518662,0.9424229697508458,False,down in KI
NEG_CDP-ETHANOLAMINE,16,6,22.856379299114863,22.753346624076443,-0.10303267503842051,0.9310737320648831,-1.503518688788926,0.17260026399362785,0.9424229697508458,False,down in KI
POS_BETAINE,16,6,24.388694115132516,24.54632445675035,0.1576303416178355,1.1154534756657208,1.3846866857229407,0.18665093396737842,0.9424229697508458,False,up in KI
NEG_GALACTITOL,16,6,24.69114954143937,24.41641682430976,-0.2747327171296092,0.8266034457872701,-1.3972955246365737,0.19556674065263255,0.9424229697508458,False,down in KI
POS_GUANINE,16,6,21.228299471061646,21.380755755495457,0.15245628443381065,1.1114601971105544,1.3261266831465028,0.20834211422637977,0.9424229697508458,False,up in KI
POS_INOSINE-MONOPHOSPHATE,16,6,21.952001434525823,22.218756295592126,0.2667548610663033,1.2030985812950015,1.2391495343443375,0.2300312907705997,0.9424229697508458,False,up in KI
POS_FAD,16,6,20.165472134388484,20.07459524316695,-0.09087689122153364,0.9389518670097196,-1.2748037169245257,0.23634345862054365,0.9424229697508458,False,down in KI
NEG_MALATE,16,6,23.84549841540293,21.846283719118606,-1.999214696284323,0.2501361198078596,-1.3215710571841974,0.2423209441456612,0.9424229697508458,False,down in KI
NEG_2-HYDROXYGLUTERATE,16,6,20.698421892528785,20.92408595000798,0.2256640574791966,1.169315348369115,1.3072707748941457,0.24344031268388996,0.9424229697508458,False,up in KI
NEG_URIDINE DIPHOSPHATE GLUCURONIC ACID,16,6,24.30547730868411,23.965843047034088,-0.33963426165002275,0.7902416210253607,-1.148471012607406,0.29981384095824853,0.9424229697508458,False,down in KI
NEG_PYROGLUTAMIC ACID/OXOPROLINE,16,6,21.212310284047906,21.081185389940167,-0.13112489410773875,0.9131191978625447,-1.0527201762162977,0.3142918887545077,0.9424229697508458,False,down in KI
POS_CYTOSINE,16,6,21.33439851429422,21.469954822098032,0.13555630780381023,1.0985163235223823,1.0496992376429244,0.3157081730508326,0.9424229697508458,False,up in KI
"POS_N,N,N-TRIMETHYLLYSINE",16,6,22.466855949790872,22.313545438850255,-0.1533105109406172,0.8991847599786167,-1.0473772648145547,0.32894849002439813,0.9424229697508458,False,down in KI
NEG_D-RIBOSE 5-PHOSPHATE,16,6,19.741044889064845,19.530978251199866,-0.2100666378649798,0.8644972993865943,-1.0000944759356956,0.3342173142589624,0.9424229697508458,False,down in KI
NEG_6-PHOSPHOGLUCONATE,16,6,20.11636633208235,19.93595092168965,-0.18041541039270115,0.8824488668998908,-0.998163448201942,0.34121013285960955,0.9424229697508458,False,down in KI
POS_LEUCINE/ISOLEUCINE,16,6,21.193317377466606,21.045953472561198,-0.14736390490540785,0.9028987345569363,-1.002505103395914,0.35085105054116267,0.9424229697508458,False,down in KI
POS_CYTIDINE,16,6,22.128803924558508,22.207134429531663,0.07833050497315597,1.0557955606518106,0.9797704916582447,0.3528381221391885,0.9424229697508458,False,up in KI
POS_GLUTATHIONE DISULFIDE,16,6,24.115067709014163,23.84443498289824,-0.2706327261159238,0.8289559089608184,-0.9953454902636679,0.35364015902352475,0.9424229697508458,False,down in KI
POS_DEOXYCARNITINE,16,6,24.310523902895113,24.37956582207796,0.06904191918284752,1.0490198076230695,0.9488645588242292,0.366459150049596,0.9424229697508458,False,up in KI
NEG_HYPOXANTHINE,16,6,18.800059272245132,18.46696276298292,-0.33309650926221224,0.7938308257447036,-0.9618780814020413,0.3692144105937717,0.9424229697508458,False,down in KI
NEG_INDOXYL SULFATE,16,6,18.670288422140867,18.210095595136636,-0.4601928270042315,0.7268890979916889,-0.9397916184250901,0.38078278501928403,0.9424229697508458,False,down in KI
POS_GUANIDINOACETATE,16,6,18.468885919653687,18.591177442313448,0.1222915226597614,1.0884623629826624,0.9176958573586532,0.3811686765409583,0.9424229697508458,False,up in KI
NEG_GTP,16,6,24.143251609397836,23.985330452761303,-0.15792115663653306,0.8963156819323466,-0.9287734957361886,0.3813283816990918,0.9424229697508458,False,down in KI
NEG_UDP-N-ACETYL-GLUCOSAMINE,16,6,26.684299073913333,26.33007573347769,-0.3542233404356452,0.7822906676700928,-0.9190618829589023,0.3854920058862915,0.9424229697508458,False,down in KI
POS_PROLINE,16,6,23.226317762394835,23.25678964748521,0.030471885090374684,1.021346138918015,0.8811079457311383,0.38902601202783244,0.9424229697508458,False,up in KI
POS_HISTIDINE,16,6,23.82657863602291,23.900532579602114,0.07395394357920537,1.052597551177025,0.8832935101157663,0.38985143955722035,0.9424229697508458,False,up in KI
POS_GLUTAMATE,16,6,25.60582991227865,25.639346769194987,0.03351685691633577,1.0235040824974333,0.8851866244345825,0.3902397549054455,0.9424229697508458,False,up in KI
POS_ADENINE,16,6,24.620556051627347,24.724148420077743,0.10359236845039632,1.0744455468141965,0.8797229923959419,0.39899295860532097,0.9424229697508458,False,up in KI
POS_RIBOFLAVIN,16,6,16.88404306276577,16.782558508611203,-0.10148455415456681,0.9320733808460399,-0.8630926647622083,0.4017702625705294,0.9424229697508458,False,down in KI
POS_HOMOSERINE,16,6,19.68372366798132,19.734271671299364,0.05054800331804543,1.0356582407655408,0.8414746209562181,0.4112235182658203,0.9424229697508458,False,up in KI
POS_GLYCINE,16,6,17.081816800824587,17.168093103416712,0.08627630259212538,1.0616265104522824,0.8442931937597681,0.41783920590402474,0.9424229697508458,False,up in KI
POS_O-ACETYLCARNITINE,16,6,27.861459776350635,27.939188999962784,0.07772922361214896,1.0553556215788287,0.8366262155013419,0.42959983410984376,0.9424229697508458,False,up in KI
POS_TYROSINE,16,6,21.98277675363285,21.850644627789894,-0.13213212584295775,0.9124819171995715,-0.7980310772769125,0.43824841674100695,0.9424229697508458,False,down in KI
NEG_LACTATE,16,6,26.360350041269527,26.447218526815064,0.08686848554553706,1.0620623656737571,0.8027194812335898,0.4445304315454355,0.9424229697508458,False,up in KI
NEG_CYTIDINE MONOPHOSPHATE,16,6,21.622655288342052,21.681704163152364,0.05904887481031196,1.0417787212033758,0.7936530578609927,0.4476328251013728,0.9424229697508458,False,up in KI
NEG_ATP/dGTP,16,6,25.4289865800498,26.01910788350182,0.5901213034520225,1.5053733156031681,0.7559146383563343,0.4598062755277851,0.9424229697508458,False,up in KI
"NEG_FRUCTOSE-1,6-BISPHOSPHATE",16,6,23.82164841392502,23.499355928429512,-0.32229248549550604,0.7997979644576454,-0.7460039167419675,0.4712155631794493,0.9424229697508458,False,down in KI
POS_CREATININE,16,6,22.43468521581851,22.501274410678164,0.06658919485965242,1.04723788530165,0.7121356336152642,0.4859134844458339,0.9424229697508458,False,up in KI
POS_L-ALANINE,16,6,25.059138425496847,25.0906675440595,0.03152911856265206,1.0220948744719847,0.7170378544768345,0.4896986792877207,0.9424229697508458,False,up in KI
NEG_UTP,16,6,24.371236239754516,24.221652359048733,-0.14958388070578366,0.9015104495006188,-0.678942285544091,0.5187892788289531,0.9424229697508458,False,down in KI
NEG_ADP-GLUCOSE,16,6,16.278895574709892,16.181911960623847,-0.09698361408604583,0.9349858171198662,-0.6529988255485357,0.5335825908093066,0.9424229697508458,False,down in KI
NEG_GDP,16,6,23.61378227513429,24.029829858128466,0.41604758299417455,1.3342671757764082,0.6345043616798373,0.5338548832484804,0.9424229697508458,False,up in KI
NEG_PANTOTHENATE,16,6,24.297562559257475,24.213508398910907,-0.0840541603465681,0.9434028338584393,-0.6538053042082819,0.5373271710210571,0.9424229697508458,False,down in KI
NEG_MYO-INOSITOL,16,6,25.9941149735495,26.064672568505745,0.07055759495624514,1.0501224726757494,0.5902022856364387,0.5712774191596417,0.9424229697508458,False,up in KI
POS_TRYPTOPHAN,16,6,20.752399106135837,20.829702013865038,0.07730290772920156,1.0550438104319184,0.5765340486051881,0.5715877105391772,0.9424229697508458,False,up in KI
NEG_CDP,16,6,20.151021074599555,20.035543098390278,-0.11547797620927724,0.9230764375822577,-0.5904657713204362,0.5745270637582536,0.9424229697508458,False,down in KI
NEG_FUMARATE,16,6,21.710824009908308,21.624003057279154,-0.08682095262915368,0.9415953150880522,-0.5676125417188163,0.5771952384647729,0.9424229697508458,False,down in KI
POS_ACETYLGLUCOSAMINE/N-ACETYLGALACTOSAMIN,16,6,16.945853370079078,16.84057866821324,-0.10527470186583798,0.9296279164018865,-0.5605874184260318,0.585480322060815,0.9424229697508458,False,down in KI
NEG_INOSINE,16,6,22.070558094399182,22.163028909113592,0.09247081471441021,1.066194625402609,0.5557171879383931,0.5945803110024344,0.9424229697508458,False,up in KI
POS_SERINE,16,6,19.790724901665627,19.749051250263623,-0.04167365140200374,0.9715272375420585,-0.5432467520614078,0.6010840570501574,0.9424229697508458,False,down in KI
POS_L-CARNITINE,16,6,28.349862785453368,28.41664402817821,0.06678124272484354,1.047377300203198,0.5308983053940033,0.6121026851077435,0.9424229697508458,False,up in KI
POS_CARNOSINE,16,6,22.754906371405706,22.714606720040205,-0.04029965136550118,0.9724529455277736,-0.5116379419542642,0.6180758322702798,0.9424229697508458,False,down in KI
NEG_BETA-GLYCEROPHOSPHATE,16,6,22.44136336356456,22.518392346848234,0.07702898328367525,1.054843508325168,0.499027195193744,0.6351367289134745,0.9424229697508458,False,up in KI
POS_OPHTHALMATE,16,6,18.55900021419396,18.669851325468148,0.11085111127418656,1.0798651100584016,0.4489769333025256,0.6588328983671329,0.9424229697508458,False,up in KI
POS_SARCOSINE,16,6,25.062602857540092,25.079354754061345,0.016751896521252974,1.0116792053404147,0.43154608890990687,0.6727871948605829,0.9424229697508458,False,up in KI
POS_PHENYLALANINE,16,6,22.789016470576605,22.74946620334154,-0.039550267235064496,0.9729582013741462,-0.4231690075083198,0.6771366319752699,0.9424229697508458,False,down in KI
POS_GAMMA-AMINOBUTYRATE,16,6,22.60576668073549,22.633184365501563,0.027417684766074757,1.0191862256635047,0.41896936492553083,0.6853501382370984,0.9424229697508458,False,up in KI
POS_4-GUANIDINOBUTANOATE,16,6,19.832825247918358,19.806606132908197,-0.02621911501016072,0.9819904402584647,-0.414138268424203,0.6871270938742782,0.9424229697508458,False,down in KI
NEG_URIDINE DIPHOSPHATEGALACTOSE/URIDINE DIPHOSPHATE GLUCOSE,16,6,25.376701490269813,25.456760045276482,0.08005855500666925,1.057060942874568,0.38975296521444025,0.7041749145243262,0.9424229697508458,False,up in KI
POS_ADENOSINE-MONOPHOSPHATE,16,6,25.97717074625553,25.950089421331814,-0.027081324923717176,0.9814037404264006,-0.3728915208361886,0.7169832467772349,0.9424229697508458,False,down in KI
NEG_ACETYL-COA,16,6,20.8568999786523,20.902757346441973,0.04585736778967231,1.0322964723292036,0.3720824625986551,0.7209739933135445,0.9424229697508458,False,up in KI
POS_PIPECOLATE,16,6,19.634037539578458,19.73029847469901,0.09626093512055078,1.0689993198318255,0.3575924898760841,0.7335950887615399,0.9424229697508458,False,up in KI
POS_DL-PIPECOLIC ACID,16,6,19.306358507891503,19.38031638150335,0.07395787361184603,1.0526004185524929,0.33517191180981504,0.746176272726936,0.9424229697508458,False,up in KI
NEG_GLUTATHIONE REDUCED,16,6,28.066111426404454,28.103330445810695,0.037219019406240506,1.026133913656535,0.33097532644752026,0.7524723416754399,0.9424229697508458,False,up in KI
POS_PHOSPHORYLCHOLINE,16,6,28.057853081973562,28.0426681076749,-0.015184974298662723,0.9895297763014486,-0.3175845214468472,0.7544913343525391,0.9424229697508458,False,down in KI
NEG_GUANOSINE DIPHOSPHATE MANNOSE,16,6,21.19586838935666,21.14190713427308,-0.05396125508358196,0.9632877636611122,-0.3200385838195663,0.7547620478084053,0.9424229697508458,False,down in KI
POS_PALMITOYLCARNITINE,16,6,18.16865384268769,18.113160847044558,-0.05549299564313159,0.9622655629294065,-0.3127667632792366,0.7602455639212659,0.9424229697508458,False,down in KI
NEG_N-ACETYLASPARTATE,16,6,28.111461685417524,28.072430527751603,-0.0390311576659208,0.9733083535384027,-0.31305416514892004,0.7653646619902783,0.9424229697508458,False,down in KI
POS_GLUTAMINE,16,6,22.946418878530245,23.005005693913642,0.058586815383396385,1.0414451187516736,0.30166762255132307,0.7678371499512578,0.9424229697508458,False,up in KI
"POS_ADENOSINE 3',5'-DIPHOSPHATE",16,6,25.77262857708547,25.71627357067824,-0.056355006407230235,0.9616907806706844,-0.29549362024789483,0.7758351604196586,0.9424229697508458,False,down in KI
NEG_GUANOSINE MONOPHOSPHATE,16,6,23.2656088061823,23.1928251732834,-0.07278363289890066,0.9508016863035939,-0.2804106250650187,0.7832893221192279,0.9424229697508458,False,down in KI
POS_S-ADENOSYLMETHIONINE,16,6,23.817165066487973,23.860997479312527,0.0438324128245533,1.0308485658124198,0.2563191831683402,0.8040249824728798,0.9424229697508458,False,up in KI
NEG_ADENOSINE DIPHOSPHATE RIBOSE,16,6,24.506729495924144,24.473050461814783,-0.033679034109361794,0.97692584793034,-0.25281795886152386,0.8062109463491893,0.9424229697508458,False,down in KI
"POS_N,N-DIMETHYL-ARGININE",16,6,20.005357549037385,19.986604238481366,-0.018753310556018477,0.9870853152399158,-0.2407799536934221,0.81233189130966,0.9424229697508458,False,down in KI
NEG_TAURINE,16,6,27.266759542641594,27.245742732427733,-0.021016810213861703,0.985537853432368,-0.23080652776323177,0.8239850809724542,0.9424229697508458,False,down in KI
POS_DEOXYGUANOSINE-MONOPHOSPHATE,16,6,26.322042569492055,26.339266346359565,0.01722377686751031,1.012010162058164,0.22604907879049999,0.8243872948502085,0.9424229697508458,False,up in KI
NEG_URIC ACID,16,6,19.839774569608547,19.884121831768073,0.044347262159526224,1.031216506641863,0.22107167877424402,0.8275400016329831,0.9424229697508458,False,up in KI
POS_NAD+,16,6,23.69043170340728,23.71148255963816,0.021050856230878878,1.0146983149316315,0.21965142076465313,0.831363256575867,0.9424229697508458,False,up in KI
NEG_2-PHOSPHOGLYCERATE,16,6,20.34405275702619,20.389676122585534,0.045623365559343654,1.0321290494984234,0.22317559355624458,0.8316343308375649,0.9424229697508458,False,up in KI
NEG_XANTHINE,16,6,20.133094346215643,20.15499654051987,0.021902194304228573,1.0152972677349352,0.21865274407175914,0.8323099601274522,0.9424229697508458,False,up in KI
POS_NICOTINAMIDE,16,6,23.699520637343856,23.730798496061894,0.03127785871803823,1.0219168818746462,0.21208584095713426,0.8368639644842265,0.9424229697508458,False,up in KI
POS_NADPH,16,6,18.196034906539808,18.14073833518488,-0.05529657135492627,0.9623965852110341,-0.20973538849991674,0.8389889003308776,0.9424229697508458,False,down in KI
POS_ADENOSINE,16,6,28.15320190146482,28.18146152366664,0.028259622201822765,1.0197811826342922,0.20611436975452213,0.8410455167871651,0.9424229697508458,False,up in KI
POS_NADP,16,6,18.65600597152148,18.635582683049048,-0.020423288472432688,0.9859433850687163,-0.2049963764546909,0.8411652450328375,0.9424229697508458,False,down in KI
POS_S-ADENOSYLHOMOCYSTEINE,16,6,20.396430805373107,20.425156536826563,0.028725731453455694,1.0201107091273702,0.2027167989186022,0.8432632966892996,0.9424229697508458,False,up in KI
NEG_INOSINE MONOPHOSPHATE,16,6,24.254834959494303,24.21400912919052,-0.04082583030378473,0.9720983376968377,-0.19162566623973412,0.8535066782857095,0.9424229697508458,False,down in KI
POS_DIETHANOLAMINE,16,6,16.57500228614179,16.518131252852367,-0.056871033289422,0.961346862143049,-0.15306053962490002,0.88110588069476,0.9424229697508458,False,down in KI
POS_N-ACETYL-GLUTAMINE,16,6,20.36400220641883,20.322044476414277,-0.041957730004554605,0.9713359546156084,-0.1407138017215866,0.8895785226282872,0.9424229697508458,False,down in KI
POS_ARGININE,16,6,24.12988020108428,24.14518297252492,0.015302771440641294,1.0106635273052067,0.13826928577718856,0.8935525714512144,0.9424229697508458,False,up in KI
POS_METHYLTHIOADENOSINE,16,6,19.32065584181874,19.34859732495512,0.027941483136377343,1.0195563281401723,0.13435965102082215,0.8970952179615305,0.9424229697508458,False,up in KI
NEG_ADENYLSUCCINIC ACID,16,6,20.6864725174153,20.73380509283807,0.04733257542277158,1.033352572505043,0.12766102498005372,0.9006223278869145,0.9424229697508458,False,up in KI
POS_LYSINE,16,6,21.157478859503616,21.16934482267069,0.011865963167075222,1.0082587759899155,0.11189275131130054,0.9133388295627677,0.9424229697508458,False,up in KI
NEG_GUANOSINE,16,6,20.556673376026936,20.56695339940907,0.010280023382133407,1.007151016497993,0.10185958066389393,0.9202642116669846,0.9424229697508458,False,up in KI
NEG_ETHANOLAMINE PHOSPHATE,16,6,22.33552104917524,22.32856262286448,-0.006958426310760046,0.995188399437986,-0.10326580614661225,0.9210428323755299,0.9424229697508458,False,down in KI
NEG_URACIL,16,6,19.722369151967044,19.735789349277564,0.01342019731051991,1.0093455715956452,0.10045885333243186,0.9221133795452537,0.9424229697508458,False,up in KI
NEG_URIDINE 5'-DIPHOSPHATE,16,6,22.641798138379052,22.68363233936395,0.04183420098489776,1.0294217722740644,0.0868465468146076,0.9336581838741297,0.9424229697508458,False,up in KI
NEG_ALLOTHREONINE/THREONINE,16,6,18.537274571024362,18.52329510700586,-0.01397946401850092,0.9903569690270521,-0.08544343800296428,0.9339326727260634,0.9424229697508458,False,down in KI
NEG_URIDINE MONOPHOSPHATE,16,6,23.603024746019187,23.603730360495188,0.0007056144760007044,1.0004892143109094,0.006514033961355312,0.9949609891987065,0.9949609891987065,False,up in KI
