metabolite,n_WT,n_KI,mean_log2_WT,mean_log2_KI,log2FC_KI_vs_WT,FC_KI_vs_WT,p_value,q_value_BH,significant,direction
POS_GLUTATHIONE DISULFIDE,16,20,24.115067709014163,23.53303916029201,-0.5820285487221533,0.6680238198974283,0.001691008231989971,0.09630821262628478,True,down in KI
POS_COENZYME A,16,20,20.633719966678825,20.44576217697917,-0.18795778969965582,0.877847481252098,0.0025620097187096184,0.09630821262628478,True,down in KI
POS_FAD,16,20,20.165472134388484,20.004507706120908,-0.16096442826757595,0.8944269549006767,0.0026029246655752646,0.09630821262628478,True,down in KI
POS_NADP,16,20,18.65600597152148,18.35015677564495,-0.3058491958765295,0.8089659047058627,0.003698923151267851,0.10264511744768286,True,down in KI
NEG_GLUTATHIONE REDUCED,16,20,28.066111426404454,28.219975613116286,0.15386418671183222,1.1125453821927067,0.005458842985388931,0.10422612230884103,True,up in KI
"NEG_FRUCTOSE-1,6-BISPHOSPHATE",16,20,23.82164841392502,22.902079996250876,-0.9195684176741423,0.5286671474430403,0.005633844449126542,0.10422612230884103,True,down in KI
"POS_ADENOSINE 3',5'-DIPHOSPHATE",16,20,25.77262857708547,25.464798247922715,-0.3078303291627549,0.8078557814067205,0.01517959092372267,0.24070494179045948,True,down in KI
POS_CYTIDINE,16,20,22.128803924558508,22.243657878439272,0.11485395388076469,1.082865419934366,0.04110392758758075,0.44928808563807443,True,up in KI
POS_L-CARNITINE,16,20,28.349862785453368,28.49729948360645,0.1474366981530828,1.1075997998801872,0.04428747976050527,0.44928808563807443,True,up in KI
POS_GLUTARYLCARNITINE,16,20,21.183151763736973,21.44697479223345,0.26382302849647843,1.2006561372065179,0.04566412551507607,0.44928808563807443,True,up in KI
NEG_2-HYDROXYGLUTERATE,16,20,20.698421892528785,20.83100337733226,0.13258148480347387,1.0962535273892642,0.05278512156004437,0.44928808563807443,False,up in KI
NEG_D-RIBOSE 5-PHOSPHATE,16,20,19.741044889064845,19.386254285493855,-0.35479060357099,0.7819831339139481,0.05631386895291694,0.44928808563807443,False,down in KI
NEG_GTP,16,20,24.143251609397836,23.936532518929397,-0.2067190904684395,0.8665055587022927,0.057559292757245556,0.44928808563807443,False,down in KI
POS_LYSINE,16,20,21.157478859503616,21.010421774485767,-0.14705708501784898,0.9030907756607955,0.06231713599690246,0.44928808563807443,False,down in KI
POS_NAD+,16,20,23.69043170340728,23.534687165822135,-0.1557445375851465,0.8976689895831518,0.06422130406191529,0.44928808563807443,False,down in KI
POS_PHOSPHORYLCHOLINE,16,20,28.057853081973562,27.974183890018075,-0.08366919195548661,0.94365460482914,0.06985960983784902,0.44928808563807443,False,down in KI
NEG_CDP,16,20,20.151021074599555,19.957470060212348,-0.19355101438720723,0.8744507185970076,0.08180224804461565,0.44928808563807443,False,down in KI
NEG_URIDINE DIPHOSPHATEGALACTOSE/URIDINE DIPHOSPHATE GLUCOSE,16,20,25.376701490269813,25.08003186748294,-0.29666962278687237,0.8141295994309603,0.08208870883650767,0.44928808563807443,False,down in KI
POS_ACETYLGLUCOSAMINE/N-ACETYLGALACTOSAMIN,16,20,16.945853370079078,17.206309067758664,0.26045569767958554,1.1978570066458434,0.0835529548083852,0.44928808563807443,False,up in KI
NEG_ADP-GLUCOSE,16,20,16.278895574709892,16.128906059111877,-0.14998951559801554,0.9012570122323409,0.08644131338367601,0.44928808563807443,False,down in KI
NEG_MALATE,16,20,23.84549841540293,22.961339982076915,-0.8841584333260144,0.5418034805901403,0.0870004634838032,0.44928808563807443,False,down in KI
NEG_ASPARTATE,16,20,23.546586655382796,23.64089121959991,0.09430456421711497,1.0675506825594212,0.08937250740968772,0.44928808563807443,False,up in KI
POS_CYCLIC AMP,16,20,22.592154388313133,22.414733254205455,-0.17742113410767857,0.8842822686557417,0.09336253823334767,0.44928808563807443,False,down in KI
POS_O-ACETYLCARNITINE,16,20,27.861459776350635,27.95213229765588,0.09067252130524395,1.0648664609252694,0.10133902877456505,0.44928808563807443,False,up in KI
POS_ARGININE,16,20,24.12988020108428,24.015901405145094,-0.11397879593918603,0.9240361534006977,0.10777971146809419,0.44928808563807443,False,down in KI
NEG_MYO-INOSITOL,16,20,25.9941149735495,24.71340988959233,-1.2807050839571694,0.41159430223945737,0.10781195254478795,0.44928808563807443,False,down in KI
POS_GAMMA-AMINOBUTYRATE,16,20,22.60576668073549,22.677367704657676,0.07160102392218803,1.050882248312931,0.10928629110115325,0.44928808563807443,False,up in KI
NEG_AMINOADIPIC ACID,16,20,17.42011632343264,17.75018626365013,0.3300699402174878,1.2570743145801018,0.12319506611162442,0.48838044065679687,False,up in KI
POS_GUANINE,16,20,21.228299471061646,21.374216458487812,0.14591698742616543,1.1064336871420501,0.14847770145299757,0.5683112021131976,False,up in KI
NEG_ALLOTHREONINE/THREONINE,16,20,18.537274571024362,18.687008709017306,0.14973413799294377,1.1093650177796526,0.15708915355915645,0.5812298681688789,False,up in KI
NEG_SUCCINATE,16,20,19.925806308460146,20.01782579718378,0.09201948872363275,1.0658611342132094,0.17094198198436006,0.607835098275711,False,up in KI
POS_S-ADENOSYLMETHIONINE,16,20,23.817165066487973,23.663663726680408,-0.15350133980756553,0.8990658304361867,0.17745879399170258,0.607835098275711,False,down in KI
POS_BETAINE,16,20,24.388694115132516,24.521320731483062,0.13262661635054585,1.0962878218105716,0.180707731919806,0.607835098275711,False,up in KI
NEG_INDOXYL SULFATE,16,20,18.670288422140867,18.354318692436635,-0.3159697297042321,0.8033108514638698,0.21236572574454834,0.6256397693205491,False,down in KI
POS_DEOXYCARNITINE,16,20,24.310523902895113,24.37709998146986,0.06657607857474801,1.0472283643650435,0.22604315584735435,0.6256397693205491,False,up in KI
NEG_XANTHINE,16,20,20.133094346215643,20.223320850614027,0.09022650439838387,1.0645373026327696,0.2282470471738182,0.6256397693205491,False,up in KI
NEG_ADENYLSUCCINIC ACID,16,20,20.6864725174153,20.3401003273711,-0.3463721900441996,0.7865595006061443,0.22833545620730228,0.6256397693205491,False,down in KI
POS_DIETHANOLAMINE,16,20,16.57500228614179,16.912035839289054,0.3370335531472648,1.2631566390784623,0.23171361534746118,0.6256397693205491,False,up in KI
POS_HOMOSERINE,16,20,19.68372366798132,19.756616696048003,0.07289302806668374,1.0518237864249271,0.23200769317908057,0.6256397693205491,False,up in KI
POS_ADENINE,16,20,24.620556051627347,24.731497362196578,0.11094131056923118,1.079932626833507,0.2378898015661803,0.6256397693205491,False,up in KI
NEG_CYCLIC-AMP,16,20,23.197832801724925,23.08850877097831,-0.10932403074661323,0.9270223129145624,0.2416188427335336,0.6256397693205491,False,down in KI
POS_TYROSINE,16,20,21.98277675363285,21.83024806702242,-0.15252868661043095,0.8996721776400336,0.24347319016584656,0.6256397693205491,False,down in KI
NEG_BETA-GLYCEROPHOSPHATE,16,20,22.44136336356456,22.52889026273494,0.08752689917038126,1.0625471777119608,0.24735686344747593,0.6256397693205491,False,up in KI
NEG_TAURINE,16,20,27.266759542641594,27.32429988653285,0.05754034389125451,1.0406899713167492,0.24800135000093837,0.6256397693205491,False,up in KI
POS_HISTIDINE,16,20,23.82657863602291,23.9072260277781,0.08064739175519264,1.0574924709190205,0.2538825115578948,0.6262435285094738,False,up in KI
POS_METHIONINE,16,20,22.11565688142196,22.209082615609702,0.09342573418774336,1.0669005729560725,0.2646340673380438,0.6343204724176288,False,up in KI
NEG_UTP,16,20,24.371236239754516,24.23234097200058,-0.1388952677539379,0.9082143470227617,0.2685861459786356,0.6343204724176288,False,down in KI
NEG_URACIL,16,20,19.722369151967044,19.827690827446652,0.10532167547960825,1.0757342185125311,0.28183601238856054,0.6517457786485462,False,up in KI
NEG_URIDINE 5'-DIPHOSPHATE,16,20,22.641798138379052,22.414244939620044,-0.2275531987590078,0.8540821818515899,0.2986994038100658,0.6645221313068875,False,down in KI
NEG_CYTIDINE MONOPHOSPHATE,16,20,21.622655288342052,21.56926508540291,-0.05339020293914132,0.9636691307627002,0.30940781892194263,0.6645221313068875,False,down in KI
"POS_N,N,N-TRIMETHYLLYSINE",16,20,22.466855949790872,22.559188191927856,0.09233224213698321,1.0660922210567403,0.31116114095419856,0.6645221313068875,False,up in KI
POS_CREATININE,16,20,22.43468521581851,22.515592756397258,0.08090754057874605,1.057683176660442,0.32780105063527154,0.6645221313068875,False,up in KI
NEG_LACTATE,16,20,26.360350041269527,26.4227478260922,0.062397784822671554,1.0441997980817144,0.33048192215717953,0.6645221313068875,False,up in KI
POS_AMINOADIPATE,16,20,18.63185068641142,18.771599547774294,0.13974886136287523,1.1017133172937617,0.33336636477339276,0.6645221313068875,False,up in KI
NEG_N-ACETYLASPARTATE,16,20,28.111461685417524,28.16794444872529,0.05648276330776625,1.0399273637197515,0.33746321731356976,0.6645221313068875,False,up in KI
POS_INOSINE-MONOPHOSPHATE,16,20,21.952001434525823,22.153497482777347,0.20149604825152423,1.149890151915692,0.33770734201397734,0.6645221313068875,False,up in KI
POS_ADENOSINE-MONOPHOSPHATE,16,20,25.97717074625553,25.92520377261336,-0.051966973642169734,0.9646202665408551,0.3465986633926568,0.6645221313068875,False,down in KI
POS_CREATINE,16,20,29.601879595519563,29.56446307598573,-0.037416519533831405,0.97439827239546,0.34722778032251783,0.6645221313068875,False,down in KI
POS_GLUTAMINE,16,20,22.946418878530245,23.132111174508097,0.18569229597785153,1.137362620552619,0.35506141658041845,0.6679969023801093,False,up in KI
NEG_CDP-ETHANOLAMINE,16,20,22.856379299114863,22.81986159471055,-0.036517704404314344,0.9750055225481602,0.377334501390146,0.6980380198086258,False,down in KI
POS_GLYCINE,16,20,17.081816800824587,17.14527549092717,0.06345869010258198,1.0449679469033908,0.3836064793542899,0.6980380198086258,False,up in KI
POS_NADPH,16,20,18.196034906539808,18.045522918125666,-0.15051198841414148,0.9009306805953415,0.4090812634212775,0.7323874232219646,False,down in KI
NEG_6-PHOSPHOGLUCONATE,16,20,20.11636633208235,20.0075815810456,-0.108784751036751,0.9273688988231049,0.4282749273221172,0.7545796338532541,False,down in KI
POS_DEOXYGUANOSINE-MONOPHOSPHATE,16,20,26.322042569492055,26.271567890331216,-0.05047467916083903,0.9656185663961863,0.441911285331644,0.76643988549707,False,down in KI
POS_ADENOSINE,16,20,28.15320190146482,28.22969053641905,0.07648863495423086,1.0544485002439332,0.4617590796218752,0.7744276486694159,False,up in KI
NEG_ATP/dGTP,16,20,25.4289865800498,25.987378618980948,0.5583920389311494,1.4726269804582637,0.4693848074945391,0.7744276486694159,False,up in KI
POS_SORBITOL,16,20,21.58139749104825,21.489691205942982,-0.09170628510526768,0.9384122261953303,0.4721746907636936,0.7744276486694159,False,down in KI
NEG_GDP,16,20,23.61378227513429,24.074571131303173,0.46078885616888243,1.3762941610370003,0.4744241451308133,0.7744276486694159,False,up in KI
NEG_N-ACETYLNEURAMINATE,16,20,24.469771892303253,24.390924120784295,-0.07884777151895861,0.9468135306455381,0.4892750855332888,0.7808194231828356,False,down in KI
NEG_URIC ACID,16,20,19.839774569608547,19.980441073898657,0.14066650429010963,1.1024142977474087,0.49240864525043687,0.7808194231828356,False,up in KI
NEG_HYPOXANTHINE,16,20,18.800059272245132,18.92490431180766,0.12484503956252624,1.090390607094395,0.5137186261006962,0.7935429699698174,False,up in KI
NEG_INOSINE,16,20,22.070558094399182,22.142639624271816,0.07208152987263361,1.0512323148613556,0.5147305751155573,0.7935429699698174,False,up in KI
POS_N-ACETYLGLUTAMATE,16,20,17.158753797248266,17.11654434775182,-0.042209449496446894,0.9711664920078622,0.5398995232392828,0.8209431106789095,False,down in KI
POS_DL-PIPECOLIC ACID,16,20,19.306358507891503,19.22640921172965,-0.07994929616185331,0.9460908967163311,0.5656764508651777,0.837500429065594,False,down in KI
POS_CYTOSINE,16,20,21.33439851429422,21.394759489274392,0.06036097498017057,1.042726627571719,0.566707602110048,0.837500429065594,False,up in KI
POS_4-GUANIDINOBUTANOATE,16,20,19.832825247918358,19.860390150952465,0.027564903034107857,1.0192902327352926,0.5755628826909401,0.837500429065594,False,up in KI
"POS_N,N-DIMETHYL-ARGININE",16,20,20.005357549037385,19.966525198309622,-0.03883235072776259,0.9734424870740418,0.5809687661085652,0.837500429065594,False,down in KI
POS_PHENYLALANINE,16,20,22.789016470576605,22.738774170752546,-0.0502422998240597,0.9657741140817536,0.6092511076322225,0.8670111916304704,False,down in KI
NEG_INOSINE MONOPHOSPHATE,16,20,24.254834959494303,24.31391346960327,0.05907851010896792,1.0418001212496493,0.6345097183067788,0.8915263130639551,False,up in KI
POS_CITICOLINE,16,20,21.066097233479685,21.03500936552661,-0.031087867953075943,0.9786820415375642,0.6431295262343821,0.8923422176502053,False,down in KI
NEG_ETHANOLAMINE PHOSPHATE,16,20,22.33552104917524,22.322285387530115,-0.013235661645126129,0.9908676935848524,0.657762067111647,0.8930698062251374,False,down in KI
NEG_GUANOSINE,16,20,20.556673376026936,20.601204280816802,0.0445309047898661,1.0313477799600592,0.6597452622564078,0.8930698062251374,False,up in KI
POS_PROLINE,16,20,23.226317762394835,23.238599459462357,0.01228169706752169,1.0085493625256392,0.7180632550588899,0.9488363668375469,False,up in KI
POS_SERINE,16,20,19.790724901665627,19.806917329199045,0.016192427533418652,1.011286957919608,0.7254590892392417,0.9488363668375469,False,up in KI
POS_OPHTHALMATE,16,20,18.55900021419396,18.64861015047566,0.08960993628169689,1.0640824459193499,0.7265864070377611,0.9488363668375469,False,up in KI
POS_PALMITOYLCARNITINE,16,20,18.16865384268769,18.123790083208487,-0.044863759479202514,0.9693813558821597,0.7438186423584595,0.9488382240186335,False,down in KI
POS_GLUTAMATE,16,20,25.60582991227865,25.596117743045614,-0.00971216923303686,0.9932906461775017,0.7476819284155455,0.9488382240186335,False,down in KI
POS_RIBOFLAVIN,16,20,16.88404306276577,16.844575651346037,-0.0394674114197322,0.9730140812085788,0.7546998505890761,0.9488382240186335,False,down in KI
NEG_PYROGLUTAMIC ACID/OXOPROLINE,16,20,21.212310284047906,21.186838476894856,-0.025471807153049753,0.9824992375083942,0.7743123291037843,0.9488382240186335,False,down in KI
NEG_GUANOSINE DIPHOSPHATE MANNOSE,16,20,21.19586838935666,21.163365189136513,-0.03250320022014819,0.9777223924009687,0.7782119574213271,0.9488382240186335,False,down in KI
POS_N-ACETYL-GLUTAMINE,16,20,20.36400220641883,20.444172182613997,0.0801699761951653,1.0571425841996285,0.7795946387670364,0.9488382240186335,False,up in KI
NEG_PANTOTHENATE,16,20,24.297562559257475,24.31441255686252,0.01684999760504624,1.0117480003373307,0.789628910722657,0.9488382240186335,False,up in KI
POS_CARNOSINE,16,20,22.754906371405706,22.739872127783855,-0.015034243621851573,0.9896331663323062,0.7950797306842757,0.9488382240186335,False,down in KI
POS_L-ALANINE,16,20,25.059138425496847,25.06703466616181,0.007896240664962306,1.0054882625888575,0.8160193413431541,0.9488382240186335,False,up in KI
POS_LEUCINE/ISOLEUCINE,16,20,21.193317377466606,21.21133089103831,0.018013513571702333,1.012564291888589,0.8182257801200263,0.9488382240186335,False,up in KI
NEG_GALACTITOL,16,20,24.69114954143937,24.656008193058575,-0.03514134838079386,0.975936138522773,0.8206168423944938,0.9488382240186335,False,down in KI
NEG_ACETYL-COA,16,20,20.8568999786523,20.870130537928723,0.013230559276422582,1.0092129047985143,0.8312961176834179,0.951277000648035,False,up in KI
POS_METHYLTHIOADENOSINE,16,20,19.32065584181874,19.33820905852636,0.017553216707618446,1.0122412812656296,0.8694078647868367,0.9674908170685012,False,up in KI
NEG_URIDINE DIPHOSPHATE GLUCURONIC ACID,16,20,24.30547730868411,24.29078150059058,-0.014695808093531326,0.9898653472864255,0.8954489748907922,0.9674908170685012,False,down in KI
NEG_URIDINE MONOPHOSPHATE,16,20,23.603024746019187,23.610318495484677,0.007293749465489441,1.005068443198986,0.9044553057186975,0.9674908170685012,False,up in KI
POS_TRYPTOPHAN,16,20,20.752399106135837,20.764583562665887,0.012184456530050625,1.0084813865679683,0.91309482156357,0.9674908170685012,False,up in KI
POS_SARCOSINE,16,20,25.062602857540092,25.058900683183445,-0.0037021743566469922,0.9974371380354636,0.9169530520606177,0.9674908170685012,False,down in KI
NEG_FUMARATE,16,20,21.710824009908308,21.697293220133968,-0.013530789774339524,0.9906650152561961,0.9193755190329533,0.9674908170685012,False,down in KI
NEG_GUANOSINE MONOPHOSPHATE,16,20,23.2656088061823,23.288238026090852,0.022629219908552045,1.0158090412624798,0.9210555980840692,0.9674908170685012,False,up in KI
POS_NICOTINAMIDE,16,20,23.699520637343856,23.709756057390567,0.010235420046711852,1.0071198792174736,0.9219061996385279,0.9674908170685012,False,up in KI
NEG_2-PHOSPHOGLYCERATE,16,20,20.34405275702619,20.353254402859676,0.009201645833485372,1.0063984782256756,0.9239101496329831,0.9674908170685012,False,up in KI
POS_S-ADENOSYLHOMOCYSTEINE,16,20,20.396430805373107,20.40277211007976,0.00634130470665184,1.0044051316706832,0.9475716291365391,0.9744955907272816,False,up in KI
NEG_UDP-N-ACETYL-GLUCOSAMINE,16,20,26.684299073913333,26.669504471650658,-0.014794602262675483,0.9897975647173595,0.9490027388391845,0.9744955907272816,False,down in KI
POS_PIPECOLATE,16,20,19.634037539578458,19.63974509941122,0.005707559832760722,1.003964015012259,0.9569371116150783,0.9744955907272816,False,up in KI
NEG_ADENOSINE DIPHOSPHATE RIBOSE,16,20,24.506729495924144,24.509715276220543,0.0029857802963988433,1.002071728263825,0.9753261586349377,0.9841927600770735,False,up in KI
POS_GUANIDINOACETATE,16,20,18.468885919653687,18.46928184298688,0.00039592333319404815,1.000274470802341,0.9973719736847526,0.9973719736847526,False,up in KI
